time_utc	model	cards	tp	k	attn	window	status	load_s	allreduce	fp32_op	installed	triton	decode16k	decode60k	tokens_per_step16k	realistic	first_error	run_dir	extra
20261002-073815	cyankiwi/GLM-4.7-Flash-AWQ-4bit	itko	2	0	auto	81920	measured	120	2	276	0	0					ctx 16000 run 1: 1 non-token message(s); first: {"error": {"message": "EngineCore encountered an issue. See stack trace (above) for the root cause.", 	/home/fenstonemarkit/handtest/model-runs/glm-4-7-flash-awq-4bit-20261002-073815
20261002-074819	docker.io/rocm/vllm:rocm7.14.1_rdna_ubuntu24.04_py3.14_pytorch_2.11_vllm_0.23.0	cyankiwi/GLM-4.7-Flash-AWQ-4bit	itko	2	0	auto	81920	measured	201	0	0	276	0					ctx 16000 run 1: 1 non-token message(s); first: {"error": {"message": "EngineCore encountered an issue. See stack trace (above) for the root cause.", 	/home/fenstonemarkit/handtest/model-runs/glm-4-7-flash-awq-4bit-20261002-074819
20261002-075226	localhost/n02-brain:rc3c	btbtyler09/Qwen3-Coder-Next-GPTQ-4bit	brain:4	4	0	TRITON_ATTN	81920	measured	773	4	0	0	0	100.3	95.0	1.0	104.5		/home/fenstonemarkit/handtest/model-runs/qwen3-coder-next-gptq-4bit-20261002-075226
20261002-082733	localhost/n02-brain:rc3c	et0dev/MiniMax-M2.7-AWQ-4bit	brain:8	8	0	TRITON_ATTN	81920	measured	352	8	248	0	0	53.9	49.2	1.0	56.4		/home/fenstonemarkit/handtest/model-runs/minimax-m2-7-awq-4bit-20261002-082733
20261002-083734	localhost/n02-brain:rc3c	Qwen/Qwen3.6-35B-A3B	brain:4	4	0	TRITON_ATTN	81920	measured	713	4	0	0	0	117.7	113.5	1.0	124.9		/home/fenstonemarkit/handtest/model-runs/qwen3-6-35b-a3b-20261002-083734
20261002-085323	localhost/n02-brain:rc3c	cyankiwi/Qwen3.6-35B-A3B-AWQ-4bit	brain:4	4	0	TRITON_ATTN	81920	measured	693	4	0	0	0	116.2	111.1	1.0	123.9		/home/fenstonemarkit/handtest/model-runs/qwen3-6-35b-a3b-awq-4bit-20261002-085323
20261002-090647	localhost/n02-brain:rc3c	Qwen/Qwen2.5-72B-Instruct	brain:8	8	0	TRITON_ATTN	32768	measured	262	8	0	0	0	38.3		1.0	40.5		/home/fenstonemarkit/handtest/model-runs/qwen2-5-72b-instruct-20261002-090647
20261002-091734	localhost/n02-brain:rc3c	Qwen/Qwen2.5-72B-Instruct	brain:8	8	0	TRITON_ATTN	32768	measured	181	8	0	0	0	38.5		1.0	40.7		/home/fenstonemarkit/handtest/model-runs/qwen2-5-72b-instruct-20261002-091734
20261002-092205	localhost/n02-brain:rc3c	Qwen/Qwen2.5-72B-Instruct-AWQ	brain:8	8	0	TRITON_ATTN	32768	measured	211	8	640	0	0	70.8		1.0	76.4		/home/fenstonemarkit/handtest/model-runs/qwen2-5-72b-instruct-awq-20261002-092205
20261002-094200	localhost/n02-brain:rc3c	cyankiwi/Qwen3.6-35B-A3B-AWQ-4bit	itko	2	0	TRITON_ATTN	81920	load_failed										ROOT CAUSE (likely):     raise RuntimeError(	/home/fenstonemarkit/handtest/model-runs/qwen3-6-35b-a3b-awq-4bit-20261002-094200	TRITON_CACHE_AUTOTUNING=1 
20261002-094252	localhost/n02-brain:rc3c	cyankiwi/Qwen3.6-35B-A3B-AWQ-4bit	itko	2	0	TRITON_ATTN	81920	load_failed										ROOT CAUSE (likely):     raise RuntimeError(	/home/fenstonemarkit/handtest/model-runs/qwen3-6-35b-a3b-awq-4bit-20261002-094252	TRITON_CACHE_AUTOTUNING=1 
20261002-094345	localhost/n02-brain:rc3c	cyankiwi/Qwen3.6-35B-A3B-AWQ-4bit	itko	2	0	TRITON_ATTN	81920	load_failed										ROOT CAUSE (likely):     raise RuntimeError(	/home/fenstonemarkit/handtest/model-runs/qwen3-6-35b-a3b-awq-4bit-20261002-094345	TRITON_CACHE_AUTOTUNING=1 --compilation-config {"max_cudagraph_capture_size":64}
20261002-094919	localhost/n02-brain:rc3c	cyankiwi/Qwen3.6-35B-A3B-AWQ-4bit	itko	2	0	TRITON_ATTN	81920	load_failed										ROOT CAUSE (likely):     raise RuntimeError(	/home/fenstonemarkit/handtest/model-runs/qwen3-6-35b-a3b-awq-4bit-20261002-094919	TRITON_CACHE_AUTOTUNING=1 
20261002-095106	localhost/n02-brain:rc3c	cyankiwi/Qwen3.6-35B-A3B-AWQ-4bit	itko	2	0	TRITON_ATTN	81920	load_failed										ROOT CAUSE (likely):     raise RuntimeError(	/home/fenstonemarkit/handtest/model-runs/qwen3-6-35b-a3b-awq-4bit-20261002-095106	NCCL_DEBUG=INFO 
20261002-100432	localhost/n02-brain:rc3c	cyankiwi/Qwen3.6-35B-A3B-AWQ-4bit	brain:2	2	0	TRITON_ATTN	81920	measured	432	2	0	0	0	99.7	95.3	1.0	104.4		/home/fenstonemarkit/handtest/model-runs/qwen3-6-35b-a3b-awq-4bit-20261002-100432	TRITON_CACHE_AUTOTUNING=1 
20261002-101245	localhost/n02-brain:rc3c	cyankiwi/Qwen3.6-35B-A3B-AWQ-4bit	brain:2	2	0	TRITON_ATTN	81920	measured	171	2	0	0	0	99.5	97.4	1.0	103.8		/home/fenstonemarkit/handtest/model-runs/qwen3-6-35b-a3b-awq-4bit-20261002-101245	TRITON_CACHE_AUTOTUNING=1 
20261002-101633	localhost/n02-brain:rc3c	cyankiwi/Qwen3.6-35B-A3B-AWQ-4bit	brain:2	2	0	TRITON_ATTN	81920	measured	643	2	0	0	0	100.0	98.0	1.0	104.3		/home/fenstonemarkit/handtest/model-runs/qwen3-6-35b-a3b-awq-4bit-20261002-101633	TRITON_CACHE_AUTOTUNING=1 --compilation-config {"max_cudagraph_capture_size":64}
20261002-102905	localhost/n02-brain:rc3c	cyankiwi/Qwen3.6-35B-A3B-AWQ-4bit	brain:2	2	0	TRITON_ATTN	81920	measured	131	2	0	0	0	98.7	96.8	1.0	102.7		/home/fenstonemarkit/handtest/model-runs/qwen3-6-35b-a3b-awq-4bit-20261002-102905	TRITON_CACHE_AUTOTUNING=1 --compilation-config {"max_cudagraph_capture_size":64}
20261002-103349	localhost/n02-brain:rc3c	Qwen/Qwen2.5-72B-Instruct-AWQ	brain:8	8	0	TRITON_ATTN	32768	measured	111	8	640	0	0	43.1		1.08	48.2		/home/fenstonemarkit/handtest/model-runs/qwen2-5-72b-instruct-awq-20261002-103349	TRITON_CACHE_AUTOTUNING=1 --compilation-config {"max_cudagraph_capture_size":64} --speculative-config {"method":"ngram","num_speculative_tokens":3,"prompt_lookup_max":4,"prompt_lookup_min":2}
20261002-110533	localhost/n02-brain:rc3c	cyankiwi/Qwen3.8-27B-AWQ-INT4	brain:8	8	3	TRITON_ATTN	262144	measured	804	8				124.2	151.9	2.21	155.4		/home/fenstonemarkit/handtest/model-runs/qwen3-8-27b-awq-int4-20261002-110533	TRITON_CACHE_AUTOTUNING=1 TRITON_PRINT_AUTOTUNING=1 --compilation-config {"max_cudagraph_capture_size":64}
20261002-111958	localhost/n02-brain:rc3c	cyankiwi/Qwen3.8-27B-AWQ-INT4	brain:8	8	3	TRITON_ATTN	262144	measured	382	8				164.6	147.8	2.91	165.3		/home/fenstonemarkit/handtest/model-runs/qwen3-8-27b-awq-int4-20261002-111958	TRITON_CACHE_AUTOTUNING=1 TRITON_PRINT_AUTOTUNING=1 --compilation-config {"max_cudagraph_capture_size":64}
